set,position,note,waveform,accented_note,cutoff_percent,resonance_percent,env_mod_percent,decay_percent,accent_knob_percent,rms,peak,early_rms,late_rms,early_centroid_hz,late_centroid_hz
SET-A1,1,1,saw,False,25,0,0,0,0,0.016493,0.077759,0.023398,0.011704,74.34,73.74
SET-A1,1,2,saw,True,25,0,0,0,0,0.016489,0.078384,0.024088,0.01171,74.36,73.74
SET-A1,1,3,square,False,25,0,0,0,0,0.016613,0.064423,0.023814,0.011622,68.69,68.48
SET-A1,1,4,square,True,25,0,0,0,0,0.01657,0.068008,0.02356,0.011697,68.69,68.47
SET-A1,2,5,saw,False,50,0,0,0,0,0.030523,0.129456,0.042446,0.021908,79.9,78.89
SET-A1,2,6,saw,True,50,0,0,0,0,0.030495,0.12793,0.042672,0.021877,79.91,78.89
SET-A1,2,7,square,False,50,0,0,0,0,0.029992,0.111099,0.042424,0.021659,71.95,71.39
SET-A1,2,8,square,True,50,0,0,0,0,0.029971,0.109848,0.041968,0.021703,71.95,71.39
SET-A1,3,9,saw,False,75,0,0,0,0,0.059219,0.257034,0.082462,0.044865,95.95,93.59
SET-A1,3,10,saw,True,75,0,0,0,0,0.059686,0.250809,0.081852,0.044457,95.92,93.6
SET-A1,3,11,square,False,75,0,0,0,0,0.056123,0.194962,0.076265,0.042322,82.82,81.13
SET-A1,3,12,square,True,75,0,0,0,0,0.055968,0.196838,0.075866,0.042354,82.79,81.12
SET-A1,4,13,saw,False,100,0,0,0,0,0.074365,0.311295,0.09872,0.056341,110.9,107.82
SET-A1,4,14,saw,True,100,0,0,0,0,0.074314,0.313797,0.099511,0.057037,110.94,107.82
SET-A1,4,15,square,False,100,0,0,0,0,0.068324,0.235779,0.09149,0.051857,94.69,91.94
SET-A1,4,16,square,True,100,0,0,0,0,0.068239,0.233124,0.091139,0.051939,94.63,91.94
SET-A2,1,1,saw,False,0,25,0,0,0,0.013859,0.06041,0.019791,0.009805,76.0,74.74
SET-A2,1,2,saw,True,0,25,0,0,0,0.013843,0.059509,0.019637,0.009741,76.01,74.74
SET-A2,1,3,square,False,0,25,0,0,0,0.013621,0.05368,0.019125,0.009816,69.15,68.67
SET-A2,1,4,square,True,0,25,0,0,0,0.013663,0.051697,0.019445,0.009798,69.14,68.66
SET-A2,2,5,saw,False,0,50,0,0,0,0.01433,0.070526,0.019654,0.010595,95.07,89.9
SET-A2,2,6,saw,True,0,50,0,0,0,0.014302,0.070816,0.019684,0.010686,95.12,89.91
SET-A2,2,7,square,False,0,50,0,0,0,0.01286,0.049576,0.017498,0.00955,79.91,75.48
SET-A2,2,8,square,True,0,50,0,0,0,0.012866,0.051865,0.017472,0.009506,79.88,75.46
SET-A2,3,9,saw,False,0,75,0,0,0,0.015801,0.078735,0.021769,0.011561,122.48,112.59
SET-A2,3,10,saw,True,0,75,0,0,0,0.015789,0.078354,0.021377,0.011583,122.6,112.58
SET-A2,3,11,square,False,0,75,0,0,0,0.012974,0.057251,0.018441,0.009504,115.74,99.34
SET-A2,3,12,square,True,0,75,0,0,0,0.013013,0.056686,0.018328,0.009459,115.85,99.38
SET-A2,4,13,saw,False,0,100,0,0,0,0.016256,0.0858,0.022302,0.012264,134.92,121.66
SET-A2,4,14,saw,True,0,100,0,0,0,0.01623,0.085709,0.022981,0.012165,134.89,121.63
SET-A2,4,15,square,False,0,100,0,0,0,0.013622,0.057281,0.019336,0.009823,133.92,114.77
SET-A2,4,16,square,True,0,100,0,0,0,0.013601,0.057205,0.019257,0.009949,133.89,114.79
SET-A3,1,1,saw,False,0,0,25,0,0,0.013428,0.066879,0.019429,0.009117,73.03,72.46
SET-A3,1,2,saw,True,0,0,25,0,0,0.013408,0.06723,0.019383,0.009232,73.04,72.46
SET-A3,1,3,square,False,0,0,25,0,0,0.013524,0.054932,0.019596,0.009282,68.01,67.85
SET-A3,1,4,square,True,0,0,25,0,0,0.013526,0.052933,0.01974,0.009243,68.0,67.85
SET-A3,2,5,saw,False,0,0,50,0,0,0.012543,0.081696,0.019447,0.007514,72.46,71.56
SET-A3,2,6,saw,True,0,0,50,0,0,0.012658,0.078873,0.019181,0.007528,72.45,71.55
SET-A3,2,7,square,False,0,0,50,0,0,0.012507,0.073669,0.019136,0.007653,67.63,67.46
SET-A3,2,8,square,True,0,0,50,0,0,0.012642,0.069702,0.019306,0.007629,67.63,67.46
SET-A3,3,9,saw,False,0,0,75,0,0,0.013381,0.180099,0.019987,0.002983,70.47,69.18
SET-A3,3,10,saw,True,0,0,75,0,0,0.01314,0.176041,0.019959,0.002981,70.48,69.14
SET-A3,3,11,square,False,0,0,75,0,0,0.013052,0.126694,0.020474,0.003043,66.33,66.76
SET-A3,3,12,square,True,0,0,75,0,0,0.013288,0.141327,0.020336,0.003062,66.34,66.77
SET-A3,4,13,saw,False,0,0,100,0,0,0.016568,0.239105,0.021991,0.001612,69.73,69.49
SET-A3,4,14,saw,True,0,0,100,0,0,0.016314,0.240173,0.021743,0.001616,69.78,69.43
SET-A3,4,15,square,False,0,0,100,0,0,0.014148,0.171417,0.023001,0.001683,65.74,67.61
SET-A3,4,16,square,True,0,0,100,0,0,0.015353,0.184036,0.022412,0.00168,65.73,67.58
SET-A4,1,1,saw,False,0,0,0,25,0,0.01389,0.064636,0.020163,0.009436,73.33,72.64
SET-A4,1,2,saw,True,0,0,0,25,0,0.013644,0.064133,0.019548,0.009466,73.15,72.63
SET-A4,1,3,square,False,0,0,0,25,0,0.013977,0.053436,0.020346,0.009587,68.16,67.94
SET-A4,1,4,square,True,0,0,0,25,0,0.013753,0.052414,0.019776,0.009612,68.08,67.93
SET-A4,2,5,saw,False,0,0,0,50,0,0.016094,0.069611,0.026028,0.009765,75.12,72.75
SET-A4,2,6,saw,True,0,0,0,50,0,0.013713,0.06041,0.019815,0.00946,73.16,72.64
SET-A4,2,7,square,False,0,0,0,50,0,0.01612,0.06134,0.025499,0.009855,69.11,67.98
SET-A4,2,8,square,True,0,0,0,50,0,0.013712,0.056763,0.019782,0.009624,68.08,67.94
SET-A4,3,9,saw,False,0,0,0,75,0,0.019318,0.069641,0.029735,0.011517,76.55,73.68
SET-A4,3,10,saw,True,0,0,0,75,0,0.013656,0.063797,0.019565,0.009567,73.17,72.64
SET-A4,3,11,square,False,0,0,0,75,0,0.019266,0.061249,0.029619,0.011671,69.97,68.43
SET-A4,3,12,square,True,0,0,0,75,0,0.01376,0.050949,0.019865,0.009581,68.08,67.93
SET-A4,4,13,saw,False,0,0,0,100,0,0.020646,0.071075,0.031157,0.01288,76.92,74.35
SET-A4,4,14,saw,True,0,0,0,100,0,0.013722,0.060532,0.019795,0.009482,73.18,72.64
SET-A4,4,15,square,False,0,0,0,100,0,0.020502,0.063919,0.030548,0.01301,70.19,68.78
SET-A4,4,16,square,True,0,0,0,100,0,0.013746,0.055527,0.020002,0.009607,68.08,67.94
SET-A5,1,1,saw,False,0,0,0,0,25,0.013701,0.059784,0.019505,0.009465,73.15,72.64
SET-A5,1,2,saw,True,0,0,0,0,25,0.013665,0.064194,0.019527,0.009436,73.15,72.64
SET-A5,1,3,square,False,0,0,0,0,25,0.013765,0.052887,0.019788,0.009575,68.08,67.94
SET-A5,1,4,square,True,0,0,0,0,25,0.013763,0.052399,0.019667,0.009607,68.08,67.94
SET-A5,2,5,saw,False,0,0,0,0,50,0.013616,0.063812,0.019883,0.009566,73.16,72.64
SET-A5,2,6,saw,True,0,0,0,0,50,0.016198,0.112244,0.023064,0.009593,73.2,72.63
SET-A5,2,7,square,False,0,0,0,0,50,0.013766,0.055969,0.019787,0.009585,68.08,67.94
SET-A5,2,8,square,True,0,0,0,0,50,0.015885,0.102188,0.022578,0.009723,68.11,67.94
SET-A5,3,9,saw,False,0,0,0,0,75,0.013702,0.058411,0.019642,0.009458,73.17,72.64
SET-A5,3,10,saw,True,0,0,0,0,75,0.029492,0.341705,0.040412,0.009654,74.52,72.64
SET-A5,3,11,square,False,0,0,0,0,75,0.013752,0.054199,0.019887,0.009608,68.09,67.94
SET-A5,3,12,square,True,0,0,0,0,75,0.030164,0.311859,0.039438,0.009789,68.7,67.94
SET-A5,4,13,saw,False,0,0,0,0,100,0.013677,0.06221,0.019941,0.009551,73.16,72.64
SET-A5,4,14,saw,True,0,0,0,0,100,0.040626,0.375427,0.06349,0.00971,75.92,72.65
SET-A5,4,15,square,False,0,0,0,0,100,0.013729,0.057251,0.019591,0.009609,68.08,67.94
SET-A5,4,16,square,True,0,0,0,0,100,0.040709,0.378357,0.057254,0.009859,69.39,67.94
SET-B1,1,1,saw,False,25,25,25,25,25,0.015595,0.073715,0.022823,0.010864,78.25,76.03
SET-B1,1,2,saw,True,25,25,25,25,25,0.015416,0.071182,0.022078,0.010761,77.76,76.03
SET-B1,1,3,square,False,25,25,25,25,25,0.015198,0.063248,0.021719,0.010774,70.28,69.26
SET-B1,1,4,square,True,25,25,25,25,25,0.015029,0.062729,0.021324,0.010788,70.03,69.26
SET-B1,2,5,saw,False,50,25,25,25,25,0.026245,0.12941,0.036456,0.018909,92.18,88.38
SET-B1,2,6,saw,True,50,25,25,25,25,0.02601,0.131516,0.035888,0.018969,91.39,88.37
SET-B1,2,7,square,False,50,25,25,25,25,0.024662,0.096588,0.034524,0.017976,79.96,77.0
SET-B1,2,8,square,True,50,25,25,25,25,0.024461,0.093277,0.033603,0.017981,79.27,76.99
SET-B1,3,9,saw,False,75,25,25,25,25,0.04332,0.233398,0.06015,0.033101,126.36,120.4
SET-B1,3,10,saw,True,75,25,25,25,25,0.043311,0.229706,0.059378,0.033003,125.16,120.41
SET-B1,3,11,square,False,75,25,25,25,25,0.038994,0.167191,0.052731,0.029219,108.03,103.14
SET-B1,3,12,square,True,75,25,25,25,25,0.038828,0.170105,0.051954,0.029613,107.03,103.13
SET-B1,4,13,saw,False,100,25,25,25,25,0.049651,0.268692,0.065765,0.037388,146.08,139.48
SET-B1,4,14,saw,True,100,25,25,25,25,0.049521,0.273697,0.065468,0.037398,144.71,139.47
SET-B1,4,15,square,False,100,25,25,25,25,0.044004,0.191956,0.059224,0.033305,123.24,118.15
SET-B1,4,16,square,True,100,25,25,25,25,0.043857,0.190704,0.058729,0.033386,122.2,118.14
SET-B2,1,1,saw,False,25,25,25,25,25,0.015844,0.073929,0.023077,0.01099,78.49,76.25
SET-B2,1,2,saw,True,25,25,25,25,25,0.015642,0.071426,0.022275,0.010926,77.99,76.24
SET-B2,1,3,square,False,25,25,25,25,25,0.015442,0.064072,0.022084,0.010962,70.46,69.37
SET-B2,1,4,square,True,25,25,25,25,25,0.015262,0.061386,0.021666,0.010935,70.15,69.36
SET-B2,2,5,saw,False,25,50,25,25,25,0.015684,0.082687,0.021711,0.011353,102.44,94.63
SET-B2,2,6,saw,True,25,50,25,25,25,0.015544,0.083496,0.021334,0.011513,100.84,94.61
SET-B2,2,7,square,False,25,50,25,25,25,0.013807,0.057648,0.019149,0.010111,88.15,79.42
SET-B2,2,8,square,True,25,50,25,25,25,0.013697,0.055756,0.018795,0.010117,86.19,79.4
SET-B2,3,9,saw,False,25,75,25,25,25,0.016764,0.095703,0.024085,0.012463,138.77,119.35
SET-B2,3,10,saw,True,25,75,25,25,25,0.016761,0.090744,0.023299,0.012256,131.76,119.33
SET-B2,3,11,square,False,25,75,25,25,25,0.014141,0.064514,0.01994,0.010342,130.45,110.88
SET-B2,3,12,square,True,25,75,25,25,25,0.014023,0.063095,0.01951,0.010336,127.49,110.87
SET-B2,4,13,saw,False,25,100,25,25,25,0.017708,0.09874,0.024247,0.012931,150.73,134.04
SET-B2,4,14,saw,True,25,100,25,25,25,0.01757,0.099594,0.023924,0.01296,147.49,134.02
SET-B2,4,15,square,False,25,100,25,25,25,0.015284,0.06691,0.021216,0.011241,146.73,133.1
SET-B2,4,16,square,True,25,100,25,25,25,0.015225,0.067444,0.020828,0.011223,145.15,133.04
SET-B3,1,1,saw,False,25,25,25,25,25,0.015823,0.07312,0.022875,0.010947,78.69,76.36
SET-B3,1,2,saw,True,25,25,25,25,25,0.015621,0.071548,0.021994,0.010975,78.16,76.35
SET-B3,1,3,square,False,25,25,25,25,25,0.015398,0.062271,0.022288,0.010932,70.51,69.41
SET-B3,1,4,square,True,25,25,25,25,25,0.015318,0.059586,0.021772,0.010895,70.22,69.41
SET-B3,2,5,saw,False,25,25,50,25,25,0.01473,0.09494,0.022316,0.009547,77.85,74.49
SET-B3,2,6,saw,True,25,25,50,25,25,0.014333,0.09375,0.021212,0.009536,77.02,74.48
SET-B3,2,7,square,False,25,25,50,25,25,0.014447,0.067886,0.021886,0.009449,69.99,68.54
SET-B3,2,8,square,True,25,25,50,25,25,0.014239,0.074188,0.021006,0.009406,69.56,68.54
SET-B3,3,9,saw,False,25,25,75,25,25,0.013596,0.149368,0.023077,0.004912,75.78,70.22
SET-B3,3,10,saw,True,25,25,75,25,25,0.012824,0.16008,0.020286,0.004902,74.02,70.21
SET-B3,3,11,square,False,25,25,75,25,25,0.012511,0.123596,0.021201,0.005035,68.7,66.93
SET-B3,3,12,square,True,25,25,75,25,25,0.01167,0.113968,0.02003,0.005017,67.84,66.92
SET-B3,4,13,saw,False,25,25,100,25,25,0.013806,0.230087,0.02317,0.002371,75.23,69.03
SET-B3,4,14,saw,True,25,25,100,25,25,0.012677,0.225174,0.020242,0.002364,72.88,69.08
SET-B3,4,15,square,False,25,25,100,25,25,0.012747,0.150726,0.021975,0.002433,68.15,67.02
SET-B3,4,16,square,True,25,25,100,25,25,0.011667,0.15419,0.019672,0.002422,66.93,66.96
SET-B4,1,1,saw,False,25,25,25,25,25,0.015714,0.07869,0.022595,0.011124,78.68,76.36
SET-B4,1,2,saw,True,25,25,25,25,25,0.01548,0.076996,0.022097,0.011099,78.14,76.36
SET-B4,1,3,square,False,25,25,25,25,25,0.015465,0.060715,0.022161,0.01089,70.5,69.42
SET-B4,1,4,square,True,25,25,25,25,25,0.01531,0.062943,0.02166,0.010853,70.23,69.41
SET-B4,2,5,saw,False,25,25,25,50,25,0.017773,0.080429,0.027691,0.011113,83.33,76.58
SET-B4,2,6,saw,True,25,25,25,50,25,0.015633,0.071243,0.022085,0.010976,78.17,76.35
SET-B4,2,7,square,False,25,25,25,50,25,0.017128,0.067108,0.026236,0.011112,73.38,69.52
SET-B4,2,8,square,True,25,25,25,50,25,0.015243,0.061417,0.021847,0.010929,70.24,69.41
SET-B4,3,9,saw,False,25,25,25,75,25,0.020811,0.08461,0.031286,0.013027,87.71,78.99
SET-B4,3,10,saw,True,25,25,25,75,25,0.015522,0.078293,0.021966,0.011126,78.17,76.35
SET-B4,3,11,square,False,25,25,25,75,25,0.019942,0.067108,0.029731,0.012757,76.5,70.78
SET-B4,3,12,square,True,25,25,25,75,25,0.015272,0.057236,0.021721,0.010902,70.24,69.41
SET-B4,4,13,saw,False,25,25,25,100,25,0.022207,0.084854,0.03281,0.014451,88.89,81.08
SET-B4,4,14,saw,True,25,25,25,100,25,0.015661,0.073364,0.022457,0.010953,78.23,76.35
SET-B4,4,15,square,False,25,25,25,100,25,0.021093,0.069412,0.030526,0.014092,77.38,72.0
SET-B4,4,16,square,True,25,25,25,100,25,0.015245,0.063568,0.021686,0.010958,70.26,69.41
SET-B5,1,1,saw,False,25,25,25,25,25,0.015712,0.078964,0.022881,0.011113,78.75,76.37
SET-B5,1,2,saw,True,25,25,25,25,25,0.015483,0.077652,0.02263,0.011105,78.2,76.35
SET-B5,1,3,square,False,25,25,25,25,25,0.01548,0.06102,0.022288,0.010862,70.55,69.42
SET-B5,1,4,square,True,25,25,25,25,25,0.015304,0.063278,0.021674,0.010887,70.24,69.42
SET-B5,2,5,saw,False,25,25,25,25,50,0.015834,0.073517,0.022856,0.010982,78.77,76.36
SET-B5,2,6,saw,True,25,25,25,25,50,0.017515,0.130295,0.024652,0.011065,78.26,76.35
SET-B5,2,7,square,False,25,25,25,25,50,0.015418,0.062286,0.022429,0.010936,70.54,69.43
SET-B5,2,8,square,True,25,25,25,25,50,0.017059,0.096832,0.024635,0.010992,70.3,69.42
SET-B5,3,9,saw,False,25,25,25,25,75,0.015741,0.07814,0.022674,0.011126,78.74,76.36
SET-B5,3,10,saw,True,25,25,25,25,75,0.025384,0.334351,0.036501,0.011305,81.58,76.37
SET-B5,3,11,square,False,25,25,25,25,75,0.015443,0.059067,0.022296,0.010915,70.56,69.42
SET-B5,3,12,square,True,25,25,25,25,75,0.024755,0.273712,0.035623,0.011045,72.13,69.42
SET-B5,4,13,saw,False,25,25,25,25,100,0.015845,0.074448,0.023118,0.010951,78.75,76.36
SET-B5,4,14,saw,True,25,25,25,25,100,0.033545,0.374924,0.054759,0.011221,86.27,76.38
SET-B5,4,15,square,False,25,25,25,25,100,0.015423,0.063995,0.022103,0.01096,70.55,69.41
SET-B5,4,16,square,True,25,25,25,25,100,0.032157,0.36113,0.049968,0.011194,75.35,69.42
SET-C1,1,1,saw,False,25,50,50,50,50,0.016873,0.104874,0.026375,0.010457,126.88,91.15
SET-C1,1,2,saw,True,25,50,50,50,50,0.016705,0.175018,0.024204,0.010257,100.46,89.75
SET-C1,1,3,square,False,25,50,50,50,50,0.014624,0.076202,0.022337,0.009525,115.54,76.1
SET-C1,1,4,square,True,25,50,50,50,50,0.014403,0.115021,0.020592,0.009444,85.69,75.06
SET-C1,2,5,saw,False,50,50,50,50,50,0.021909,0.149277,0.031333,0.01503,176.24,126.18
SET-C1,2,6,saw,True,50,50,50,50,50,0.022223,0.250381,0.030917,0.014968,139.63,124.17
SET-C1,2,7,square,False,50,50,50,50,50,0.018821,0.102814,0.027148,0.013142,158.97,114.96
SET-C1,2,8,square,True,50,50,50,50,50,0.019238,0.168091,0.027021,0.013105,125.88,113.11
SET-C1,3,9,saw,False,75,50,50,50,50,0.026128,0.205872,0.035243,0.019852,260.41,196.19
SET-C1,3,10,saw,True,75,50,50,50,50,0.027279,0.31897,0.038973,0.019935,215.31,194.71
SET-C1,3,11,square,False,75,50,50,50,50,0.022099,0.125366,0.029773,0.016516,223.4,176.9
SET-C1,3,12,square,True,75,50,50,50,50,0.023227,0.212555,0.03169,0.01641,190.95,174.5
SET-C1,4,13,saw,False,100,50,50,50,50,0.027782,0.23233,0.037363,0.020923,332.05,266.75
SET-C1,4,14,saw,True,100,50,50,50,50,0.029419,0.346832,0.039493,0.021065,285.41,263.51
SET-C1,4,15,square,False,100,50,50,50,50,0.022924,0.122498,0.030308,0.01776,250.65,226.39
SET-C1,4,16,square,True,100,50,50,50,50,0.024425,0.203278,0.033466,0.017876,235.71,224.53
SET-C2,1,1,saw,False,50,25,50,50,50,0.027254,0.155273,0.041861,0.016975,109.05,89.14
SET-C2,1,2,saw,True,50,25,50,50,50,0.026716,0.259201,0.03792,0.016741,94.29,88.35
SET-C2,1,3,square,False,50,25,50,50,50,0.024981,0.116074,0.038412,0.016054,94.06,77.36
SET-C2,1,4,square,True,50,25,50,50,50,0.024873,0.179092,0.035815,0.015841,81.54,76.76
SET-C2,2,5,saw,False,50,50,50,50,50,0.022236,0.153671,0.03197,0.01567,169.23,122.77
SET-C2,2,6,saw,True,50,50,50,50,50,0.022333,0.237732,0.031163,0.015544,135.19,120.88
SET-C2,2,7,square,False,50,50,50,50,50,0.019173,0.103043,0.027651,0.013361,151.71,110.89
SET-C2,2,8,square,True,50,50,50,50,50,0.019523,0.172836,0.027745,0.013294,121.56,109.09
SET-C2,3,9,saw,False,50,75,50,50,50,0.022116,0.162292,0.031533,0.015671,262.68,170.98
SET-C2,3,10,saw,True,50,75,50,50,50,0.022875,0.267715,0.032185,0.015581,194.4,167.52
SET-C2,3,11,square,False,50,75,50,50,50,0.018318,0.106934,0.025477,0.013213,245.19,154.9
SET-C2,3,12,square,True,50,75,50,50,50,0.018799,0.172729,0.026616,0.013241,183.57,151.73
SET-C2,4,13,saw,False,50,100,50,50,50,0.023383,0.168274,0.03281,0.016338,332.57,198.09
SET-C2,4,14,saw,True,50,100,50,50,50,0.023851,0.275848,0.032892,0.016447,232.6,193.88
SET-C2,4,15,square,False,50,100,50,50,50,0.019429,0.109314,0.027488,0.013515,318.98,186.86
SET-C2,4,16,square,True,50,100,50,50,50,0.019751,0.190948,0.027961,0.013375,225.81,179.56
SET-C3,1,1,saw,False,50,50,25,50,50,0.022413,0.133331,0.031358,0.016547,162.14,133.09
SET-C3,1,2,saw,True,50,50,25,50,50,0.023195,0.205841,0.033267,0.016536,141.31,131.83
SET-C3,1,3,square,False,50,50,25,50,50,0.01937,0.092453,0.026856,0.01408,145.96,119.92
SET-C3,1,4,square,True,50,50,25,50,50,0.020125,0.15358,0.027615,0.014024,126.67,118.85
SET-C3,2,5,saw,False,50,50,50,50,50,0.022313,0.149475,0.032581,0.015289,170.26,124.52
SET-C3,2,6,saw,True,50,50,50,50,50,0.022745,0.252563,0.03158,0.015212,136.68,122.64
SET-C3,2,7,square,False,50,50,50,50,50,0.019114,0.104736,0.027528,0.013533,152.86,112.68
SET-C3,2,8,square,True,50,50,50,50,50,0.019489,0.157425,0.027924,0.013449,122.78,110.95
SET-C3,3,9,saw,False,50,50,75,50,50,0.021323,0.202042,0.033716,0.012557,197.04,100.82
SET-C3,3,10,saw,True,50,50,75,50,50,0.019946,0.30777,0.02956,0.01221,123.58,97.64
SET-C3,3,11,square,False,50,50,75,50,50,0.018269,0.126083,0.028897,0.010813,174.72,85.84
SET-C3,3,12,square,True,50,50,75,50,50,0.017344,0.209122,0.02618,0.010542,110.78,82.42
SET-C3,4,13,saw,False,50,50,100,50,50,0.020016,0.237244,0.036114,0.008618,229.88,79.67
SET-C3,4,14,saw,True,50,50,100,50,50,0.017808,0.342331,0.029707,0.007877,112.38,76.49
SET-C3,4,15,square,False,50,50,100,50,50,0.017315,0.127457,0.029757,0.008338,198.23,69.78
SET-C3,4,16,square,True,50,50,100,50,50,0.015458,0.216095,0.02463,0.007844,99.47,68.61
SET-C4,1,1,saw,False,50,50,50,25,50,0.020692,0.146286,0.028727,0.01538,140.68,121.54
SET-C4,1,2,saw,True,50,50,50,25,50,0.02228,0.239044,0.033047,0.015474,136.4,121.5
SET-C4,1,3,square,False,50,50,50,25,50,0.017948,0.097992,0.025118,0.013138,126.16,109.89
SET-C4,1,4,square,True,50,50,50,25,50,0.019543,0.175018,0.027457,0.01319,122.36,109.84
SET-C4,2,5,saw,False,50,50,50,50,50,0.022253,0.15155,0.032644,0.015142,170.33,123.28
SET-C4,2,6,saw,True,50,50,50,50,50,0.022757,0.249786,0.032257,0.015101,136.46,121.48
SET-C4,2,7,square,False,50,50,50,50,50,0.019067,0.106232,0.027161,0.013438,153.14,111.56
SET-C4,2,8,square,True,50,50,50,50,50,0.019359,0.165466,0.027961,0.013361,122.48,109.85
SET-C4,3,9,saw,False,50,50,50,75,50,0.024001,0.155273,0.03356,0.016457,193.71,136.59
SET-C4,3,10,saw,True,50,50,50,75,50,0.022404,0.246399,0.031144,0.015182,136.01,121.49
SET-C4,3,11,square,False,50,50,50,75,50,0.020544,0.106644,0.029041,0.014354,172.7,122.76
SET-C4,3,12,square,True,50,50,50,75,50,0.019536,0.17218,0.027392,0.013266,122.43,109.84
SET-C4,4,13,saw,False,50,50,50,100,50,0.024975,0.158859,0.034224,0.018276,203.21,153.68
SET-C4,4,14,saw,True,50,50,50,100,50,0.02235,0.234482,0.033111,0.01545,136.4,121.5
SET-C4,4,15,square,False,50,50,50,100,50,0.021321,0.106598,0.029235,0.015355,180.25,137.89
SET-C4,4,16,square,True,50,50,50,100,50,0.019539,0.174179,0.027426,0.013166,122.48,109.85
SET-C5,1,1,saw,False,50,50,50,50,25,0.022149,0.153946,0.032933,0.015532,171.75,123.5
SET-C5,1,2,saw,True,50,50,50,50,25,0.020635,0.137741,0.028911,0.015092,135.12,121.5
SET-C5,1,3,square,False,50,50,50,50,25,0.019163,0.105759,0.027559,0.013321,154.2,111.73
SET-C5,1,4,square,True,50,50,50,50,25,0.017789,0.100464,0.024389,0.013269,121.57,109.83
SET-C5,2,5,saw,False,50,50,50,50,50,0.022292,0.151306,0.032013,0.015185,171.67,123.51
SET-C5,2,6,saw,True,50,50,50,50,50,0.02249,0.248901,0.031244,0.01511,136.02,121.5
SET-C5,2,7,square,False,50,50,50,50,50,0.019092,0.10582,0.027835,0.013429,154.13,111.74
SET-C5,2,8,square,True,50,50,50,50,50,0.019469,0.157013,0.027498,0.013281,122.06,109.83
SET-C5,3,9,saw,False,50,50,50,50,75,0.022238,0.153748,0.031985,0.015562,171.91,123.51
SET-C5,3,10,saw,True,50,50,50,50,75,0.026028,0.353241,0.038961,0.015652,150.09,121.54
SET-C5,3,11,square,False,50,50,50,50,75,0.019139,0.103836,0.027424,0.013338,153.98,111.72
SET-C5,3,12,square,True,50,50,50,50,75,0.022891,0.293152,0.035213,0.013357,134.76,109.88
SET-C5,4,13,saw,False,50,50,50,50,100,0.022138,0.153748,0.032909,0.015535,171.66,123.5
SET-C5,4,14,saw,True,50,50,50,50,100,0.029469,0.362488,0.048251,0.015453,167.2,121.57
SET-C5,4,15,square,False,50,50,50,50,100,0.019163,0.105621,0.027556,0.013283,154.16,111.75
SET-C5,4,16,square,True,50,50,50,50,100,0.025951,0.344131,0.04035,0.013551,150.13,109.91
SET-D1,1,1,saw,False,25,75,75,75,75,0.021523,0.188889,0.031899,0.012239,345.3,118.44
SET-D1,1,2,saw,True,25,75,75,75,75,0.019095,0.347092,0.032179,0.007482,132.59,76.79
SET-D1,1,3,square,False,25,75,75,75,75,0.017771,0.115829,0.026576,0.0103,316.3,110.12
SET-D1,1,4,square,True,25,75,75,75,75,0.016814,0.281464,0.027402,0.007246,121.8,68.27
SET-D1,2,5,saw,False,50,75,75,75,75,0.02359,0.21785,0.032132,0.016664,495.01,183.75
SET-D1,2,6,saw,True,50,75,75,75,75,0.022482,0.352844,0.037077,0.012294,198.51,114.71
SET-D1,2,7,square,False,50,75,75,75,75,0.019216,0.113693,0.025716,0.013565,400.11,170.6
SET-D1,2,8,square,True,50,75,75,75,75,0.019346,0.263901,0.031767,0.009896,183.94,103.18
SET-D1,3,9,saw,False,75,75,75,75,75,0.02444,0.238571,0.031718,0.018939,689.75,332.66
SET-D1,3,10,saw,True,75,75,75,75,75,0.027296,0.354446,0.041549,0.017372,346.86,212.56
SET-D1,3,11,square,False,75,75,75,75,75,0.01934,0.121613,0.024096,0.015775,414.49,307.48
SET-D1,3,12,square,True,75,75,75,75,75,0.022436,0.301392,0.032879,0.014951,309.83,202.38
SET-D1,4,13,saw,False,100,75,75,75,75,0.023981,0.240677,0.029903,0.019066,790.1,481.55
SET-D1,4,14,saw,True,100,75,75,75,75,0.02818,0.353638,0.040088,0.019111,488.82,325.93
SET-D1,4,15,square,False,100,75,75,75,75,0.01882,0.123169,0.023942,0.015274,430.05,396.66
SET-D1,4,16,square,True,100,75,75,75,75,0.023194,0.285065,0.032558,0.015872,390.69,301.0
SET-D2,1,1,saw,False,75,25,75,75,75,0.04926,0.325317,0.071287,0.03091,196.11,122.09
SET-D2,1,2,saw,True,75,25,75,75,75,0.04348,0.371277,0.071547,0.023237,124.34,98.92
SET-D2,1,3,square,False,75,25,75,75,75,0.043087,0.217102,0.063249,0.028084,155.94,104.84
SET-D2,1,4,square,True,75,25,75,75,75,0.042468,0.456543,0.068467,0.021491,106.41,85.39
SET-D2,2,5,saw,False,75,50,75,75,75,0.028246,0.245651,0.037808,0.021131,364.38,215.02
SET-D2,2,6,saw,True,75,50,75,75,75,0.029767,0.362411,0.044865,0.018649,219.62,155.84
SET-D2,2,7,square,False,75,50,75,75,75,0.02345,0.127884,0.031367,0.017481,247.7,189.53
SET-D2,2,8,square,True,75,50,75,75,75,0.025917,0.300446,0.039444,0.015654,190.97,139.98
SET-D2,3,9,saw,False,75,75,75,75,75,0.024508,0.238052,0.03195,0.019336,615.38,330.09
SET-D2,3,10,saw,True,75,75,75,75,75,0.027703,0.355591,0.041792,0.017716,340.74,218.56
SET-D2,3,11,square,False,75,75,75,75,75,0.019514,0.121841,0.024702,0.015805,365.8,297.06
SET-D2,3,12,square,True,75,75,75,75,75,0.022844,0.297073,0.033111,0.015138,300.55,203.34
SET-D2,4,13,saw,False,75,100,75,75,75,0.026951,0.243103,0.033994,0.020679,1532.9,486.56
SET-D2,4,14,saw,True,75,100,75,75,75,0.029555,0.3564,0.044196,0.018865,522.55,281.33
SET-D2,4,15,square,False,75,100,75,75,75,0.020539,0.124451,0.025482,0.016844,1121.37,473.15
SET-D2,4,16,square,True,75,100,75,75,75,0.02419,0.305908,0.03551,0.015739,481.84,268.76
SET-D3,1,1,saw,False,75,75,25,75,75,0.024847,0.207733,0.032127,0.01965,498.99,401.29
SET-D3,1,2,saw,True,75,75,25,75,75,0.028573,0.352554,0.042898,0.019841,438.18,361.81
SET-D3,1,3,square,False,75,75,25,75,75,0.019901,0.115967,0.025693,0.015538,398.81,351.88
SET-D3,1,4,square,True,75,75,25,75,75,0.023616,0.266785,0.033748,0.015823,373.92,325.11
SET-D3,2,5,saw,False,75,75,50,75,75,0.024887,0.219406,0.032789,0.019081,550.92,391.42
SET-D3,2,6,saw,True,75,75,50,75,75,0.028702,0.351349,0.042067,0.019123,423.21,328.74
SET-D3,2,7,square,False,75,75,50,75,75,0.019696,0.11203,0.024884,0.015745,407.1,347.52
SET-D3,2,8,square,True,75,75,50,75,75,0.023375,0.288132,0.034091,0.016033,364.05,303.84
SET-D3,3,9,saw,False,75,75,75,75,75,0.024333,0.238617,0.030594,0.018943,705.55,356.22
SET-D3,3,10,saw,True,75,75,75,75,75,0.02728,0.357895,0.04029,0.017794,368.48,227.77
SET-D3,3,11,square,False,75,75,75,75,75,0.019282,0.12149,0.024246,0.015579,409.82,321.37
SET-D3,3,12,square,True,75,75,75,75,75,0.022755,0.297775,0.03317,0.014984,325.07,212.55
SET-D3,4,13,saw,False,75,75,100,75,75,0.023962,0.241882,0.030106,0.019405,781.16,333.32
SET-D3,4,14,saw,True,75,75,100,75,75,0.026037,0.358047,0.041602,0.016471,334.38,175.23
SET-D3,4,15,square,False,75,75,100,75,75,0.019067,0.123932,0.023883,0.015575,423.26,306.74
SET-D3,4,16,square,True,75,75,100,75,75,0.02165,0.285446,0.032878,0.013318,298.41,159.4
SET-D4,1,1,saw,False,75,75,75,25,75,0.023587,0.233017,0.032523,0.017532,350.97,230.62
SET-D4,1,2,saw,True,75,75,75,25,75,0.027585,0.356598,0.041319,0.017828,368.45,230.42
SET-D4,1,3,square,False,75,75,75,25,75,0.019349,0.118576,0.025727,0.014906,316.25,214.88
SET-D4,1,4,square,True,75,75,75,25,75,0.022616,0.301498,0.033631,0.015139,325.84,214.66
SET-D4,2,5,saw,False,75,75,75,50,75,0.024043,0.23793,0.031624,0.017745,559.57,240.41
SET-D4,2,6,saw,True,75,75,75,50,75,0.027356,0.357666,0.040379,0.017859,370.41,230.42
SET-D4,2,7,square,False,75,75,75,50,75,0.019537,0.122284,0.025242,0.01489,404.33,223.64
SET-D4,2,8,square,True,75,75,75,50,75,0.022811,0.299072,0.033294,0.015021,326.75,214.63
SET-D4,3,9,saw,False,75,75,75,75,75,0.024308,0.239426,0.030863,0.019355,686.61,324.3
SET-D4,3,10,saw,True,75,75,75,75,75,0.027372,0.358994,0.042297,0.01833,368.71,230.43
SET-D4,3,11,square,False,75,75,75,75,75,0.019361,0.121353,0.024229,0.015573,407.94,299.02
SET-D4,3,12,square,True,75,75,75,75,75,0.0228,0.284119,0.033495,0.014899,327.06,214.67
SET-D4,4,13,saw,False,75,75,75,100,75,0.024262,0.240509,0.031242,0.019099,726.69,446.55
SET-D4,4,14,saw,True,75,75,75,100,75,0.027631,0.355576,0.041415,0.01784,371.02,230.47
SET-D4,4,15,square,False,75,75,75,100,75,0.018962,0.122849,0.023734,0.015551,412.57,379.39
SET-D4,4,16,square,True,75,75,75,100,75,0.022642,0.298477,0.03377,0.015142,326.72,214.7
SET-D5,1,1,saw,False,75,75,75,75,25,0.024334,0.239487,0.030701,0.01889,695.11,343.69
SET-D5,1,2,saw,True,75,75,75,75,25,0.023415,0.235443,0.031452,0.018104,316.6,230.4
SET-D5,1,3,square,False,75,75,75,75,25,0.0193,0.120926,0.024252,0.015647,408.7,314.34
SET-D5,1,4,square,True,75,75,75,75,25,0.01933,0.120346,0.025808,0.014748,289.66,214.64
SET-D5,2,5,saw,False,75,75,75,75,50,0.024296,0.239914,0.031585,0.019428,695.8,344.03
SET-D5,2,6,saw,True,75,75,75,75,50,0.024678,0.342194,0.035246,0.01813,319.74,230.39
SET-D5,2,7,square,False,75,75,75,75,50,0.019319,0.122696,0.024174,0.015509,408.91,314.24
SET-D5,2,8,square,True,75,75,75,75,50,0.020377,0.18541,0.027871,0.014951,291.48,214.65
SET-D5,3,9,saw,False,75,75,75,75,75,0.024373,0.240204,0.031447,0.018898,696.31,344.22
SET-D5,3,10,saw,True,75,75,75,75,75,0.027303,0.352661,0.040168,0.017816,363.57,230.47
SET-D5,3,11,square,False,75,75,75,75,75,0.01928,0.121933,0.024225,0.015747,408.88,314.21
SET-D5,3,12,square,True,75,75,75,75,75,0.022452,0.287247,0.033282,0.015114,321.86,214.66
SET-D5,4,13,saw,False,75,75,75,75,100,0.024343,0.240051,0.030679,0.018883,695.95,344.22
SET-D5,4,14,saw,True,75,75,75,75,100,0.028685,0.361893,0.043146,0.018335,414.0,230.55
SET-D5,4,15,square,False,75,75,75,75,100,0.019318,0.122986,0.024278,0.015651,408.83,314.22
SET-D5,4,16,square,True,75,75,75,75,100,0.024214,0.357224,0.035763,0.015068,351.2,214.69
SET-E1,1,1,saw,False,25,100,100,100,100,0.025285,0.225876,0.036736,0.016211,841.36,185.34
SET-E1,1,2,saw,True,25,100,100,100,100,0.02264,0.353851,0.04223,0.005279,177.65,68.99
SET-E1,1,3,square,False,25,100,100,100,100,0.020196,0.116318,0.027233,0.013065,703.58,168.54
SET-E1,1,4,square,True,25,100,100,100,100,0.019227,0.331146,0.033685,0.005445,167.02,66.43
SET-E1,2,5,saw,False,50,100,100,100,100,0.026534,0.239532,0.035363,0.019026,1314.04,305.25
SET-E1,2,6,saw,True,50,100,100,100,100,0.024875,0.359436,0.044289,0.00958,267.66,97.0
SET-E1,2,7,square,False,50,100,100,100,100,0.02049,0.124222,0.025347,0.016035,954.45,295.16
SET-E1,2,8,square,True,50,100,100,100,100,0.020566,0.364502,0.036838,0.008031,255.87,76.59
SET-E1,3,9,saw,False,75,100,100,100,100,0.026298,0.238602,0.032301,0.021166,2500.23,677.36
SET-E1,3,10,saw,True,75,100,100,100,100,0.029345,0.361923,0.046983,0.016917,555.85,199.76
SET-E1,3,11,square,False,75,100,100,100,100,0.019975,0.131165,0.025184,0.016612,2004.75,606.14
SET-E1,3,12,square,True,75,100,100,100,100,0.024527,0.349472,0.037783,0.013884,484.24,189.55
SET-E1,4,13,saw,False,100,100,100,100,100,0.025644,0.240616,0.031622,0.021615,1508.93,998.35
SET-E1,4,14,saw,True,100,100,100,100,100,0.031093,0.375992,0.049062,0.020053,804.14,306.84
SET-E1,4,15,square,False,100,100,100,100,100,0.019556,0.125824,0.02542,0.015662,1080.77,783.89
SET-E1,4,16,square,True,100,100,100,100,100,0.026038,0.343063,0.037862,0.016363,658.18,297.54
SET-E2,1,1,saw,False,100,25,100,100,100,0.053873,0.345551,0.073959,0.038845,268.89,168.47
SET-E2,1,2,saw,True,100,25,100,100,100,0.047982,0.379425,0.084354,0.024681,148.26,103.81
SET-E2,1,3,square,False,100,25,100,100,100,0.046683,0.213089,0.063632,0.033327,186.4,139.48
SET-E2,1,4,square,True,100,25,100,100,100,0.047537,0.519531,0.079799,0.022115,126.59,89.56
SET-E2,2,5,saw,False,100,50,100,100,100,0.02911,0.249039,0.038856,0.022198,450.99,311.81
SET-E2,2,6,saw,True,100,50,100,100,100,0.033246,0.367889,0.053013,0.018692,271.65,165.12
SET-E2,2,7,square,False,100,50,100,100,100,0.023774,0.129135,0.031243,0.018442,262.8,241.41
SET-E2,2,8,square,True,100,50,100,100,100,0.028369,0.352463,0.043203,0.016261,222.2,148.61
SET-E2,3,9,saw,False,100,75,100,100,100,0.023543,0.242493,0.029559,0.018779,714.59,555.61
SET-E2,3,10,saw,True,100,75,100,100,100,0.029235,0.364777,0.043521,0.018201,468.6,242.4
SET-E2,3,11,square,False,100,75,100,100,100,0.018562,0.122498,0.024074,0.014885,371.14,393.3
SET-E2,3,12,square,True,100,75,100,100,100,0.024485,0.321304,0.036531,0.015275,366.79,225.42
SET-E2,4,13,saw,False,100,100,100,100,100,0.025668,0.236771,0.031545,0.021301,1568.83,999.15
SET-E2,4,14,saw,True,100,100,100,100,100,0.031144,0.37735,0.047107,0.020131,815.61,306.86
SET-E2,4,15,square,False,100,100,100,100,100,0.019565,0.132675,0.02526,0.015708,1002.71,784.17
SET-E2,4,16,square,True,100,100,100,100,100,0.026124,0.352448,0.038947,0.016399,675.06,297.55
SET-E3,1,1,saw,False,100,100,25,100,100,0.027442,0.231323,0.035989,0.021108,1159.09,903.93
SET-E3,1,2,saw,True,100,100,25,100,100,0.033238,0.361374,0.048971,0.021674,1100.98,733.83
SET-E3,1,3,square,False,100,100,25,100,100,0.020112,0.119049,0.025851,0.016158,863.83,785.15
SET-E3,1,4,square,True,100,100,25,100,100,0.025656,0.356064,0.036771,0.016516,845.2,615.72
SET-E3,2,5,saw,False,100,100,50,100,100,0.027105,0.237915,0.034485,0.021102,1360.93,915.39
SET-E3,2,6,saw,True,100,100,50,100,100,0.033013,0.359741,0.048173,0.02165,1063.95,653.6
SET-E3,2,7,square,False,100,100,50,100,100,0.019906,0.121582,0.02563,0.015914,994.77,751.26
SET-E3,2,8,square,True,100,100,50,100,100,0.025977,0.369247,0.03757,0.016573,824.27,551.78
SET-E3,3,9,saw,False,100,100,75,100,100,0.026178,0.2453,0.032512,0.021664,2344.03,963.22
SET-E3,3,10,saw,True,100,100,75,100,100,0.032039,0.361679,0.047444,0.021388,907.76,422.0
SET-E3,3,11,square,False,100,100,75,100,100,0.019577,0.124237,0.025151,0.015785,1822.89,767.66
SET-E3,3,12,square,True,100,100,75,100,100,0.026392,0.352402,0.038834,0.017426,725.86,409.98
SET-E3,4,13,saw,False,100,100,100,100,100,0.025646,0.248993,0.032407,0.021562,1500.38,1000.04
SET-E3,4,14,saw,True,100,100,100,100,100,0.031431,0.356384,0.049279,0.019973,815.27,306.91
SET-E3,4,15,square,False,100,100,100,100,100,0.019568,0.124252,0.025404,0.01562,984.48,784.09
SET-E3,4,16,square,True,100,100,100,100,100,0.026297,0.351151,0.03832,0.01632,671.84,297.61
SET-E4,1,1,saw,False,100,100,100,25,100,0.025671,0.246429,0.034927,0.019198,659.25,307.1
SET-E4,1,2,saw,True,100,100,100,25,100,0.03111,0.369019,0.047052,0.020073,804.63,306.75
SET-E4,1,3,square,False,100,100,100,25,100,0.020826,0.124023,0.027456,0.016065,572.38,297.67
SET-E4,1,4,square,True,100,100,100,25,100,0.026014,0.326492,0.037752,0.016394,664.47,297.46
SET-E4,2,5,saw,False,100,100,100,50,100,0.026151,0.244232,0.034077,0.019998,1615.57,332.27
SET-E4,2,6,saw,True,100,100,100,50,100,0.031323,0.381775,0.049641,0.020057,810.42,306.83
SET-E4,2,7,square,False,100,100,100,50,100,0.02072,0.127777,0.025642,0.016317,1226.3,322.39
SET-E4,2,8,square,True,100,100,100,50,100,0.026128,0.375793,0.03826,0.016389,664.09,297.48
SET-E4,3,9,saw,False,100,100,100,75,100,0.02613,0.24942,0.032631,0.021587,2538.46,725.29
SET-E4,3,10,saw,True,100,100,100,75,100,0.031508,0.371765,0.048677,0.019514,805.41,306.79
SET-E4,3,11,square,False,100,100,100,75,100,0.019895,0.126785,0.0252,0.01636,2015.34,638.09
SET-E4,3,12,square,True,100,100,100,75,100,0.025823,0.295868,0.037229,0.016577,645.7,297.52
SET-E4,4,13,saw,False,100,100,100,100,100,0.025702,0.245041,0.031527,0.020998,1608.19,999.27
SET-E4,4,14,saw,True,100,100,100,100,100,0.031348,0.379456,0.047629,0.019513,813.35,306.85
SET-E4,4,15,square,False,100,100,100,100,100,0.019516,0.123993,0.025269,0.015713,1092.4,784.03
SET-E4,4,16,square,True,100,100,100,100,100,0.026025,0.37944,0.038445,0.016521,655.6,297.61
SET-E5,1,1,saw,False,100,100,100,100,25,0.025766,0.242828,0.032437,0.021547,1547.84,995.16
SET-E5,1,2,saw,True,100,100,100,100,25,0.025514,0.240768,0.035612,0.019581,543.16,306.79
SET-E5,1,3,square,False,100,100,100,100,25,0.019542,0.129623,0.0252,0.015642,979.39,783.52
SET-E5,1,4,square,True,100,100,100,100,25,0.020875,0.125183,0.027629,0.015964,493.67,297.53
SET-E5,2,5,saw,False,100,100,100,100,50,0.025742,0.243759,0.032328,0.020988,1531.78,998.43
SET-E5,2,6,saw,True,100,100,100,100,50,0.027302,0.339401,0.038668,0.019244,549.22,306.76
SET-E5,2,7,square,False,100,100,100,100,50,0.019522,0.131119,0.025201,0.015735,1099.89,783.42
SET-E5,2,8,square,True,100,100,100,100,50,0.021988,0.191101,0.029383,0.01636,500.09,297.58
SET-E5,3,9,saw,False,100,100,100,100,75,0.025708,0.242569,0.031521,0.020978,1657.14,997.7
SET-E5,3,10,saw,True,100,100,100,100,75,0.029463,0.372757,0.04331,0.019413,656.17,306.85
SET-E5,3,11,square,False,100,100,100,100,75,0.019567,0.127655,0.025264,0.015707,1175.92,783.41
SET-E5,3,12,square,True,100,100,100,100,75,0.024063,0.256973,0.034435,0.016415,566.16,297.58
SET-E5,4,13,saw,False,100,100,100,100,100,0.025671,0.245575,0.031549,0.021025,1590.3,997.85
SET-E5,4,14,saw,True,100,100,100,100,100,0.031093,0.367691,0.046939,0.019938,803.33,306.89
SET-E5,4,15,square,False,100,100,100,100,100,0.019573,0.130249,0.025253,0.015702,1040.01,784.29
SET-E5,4,16,square,True,100,100,100,100,100,0.026041,0.37117,0.03773,0.016393,665.94,297.66
